{
  "packages":
  [
      {
      "name": "Roshan Gupta",
      "maintainer": "Roshan Robotics",
      "websiteURL": "https://github.com/roshanrobotics",
      "email": "support@sacchidanandutech.com",
      "platforms":
      [
        {
          "name": "Sacduino AVR Boards",
          "architecture": "avr",
          "version": "1.6.7",
          "category": "Contributed"
	  "url": "https://github.com/roshanrobotics/Sacduino-board.git"
          "archiveFileName": "arduino-customboard-main.zip",
          "checksum": "SHA-256:292BF95852B363E03CA16BD210EB8F0CF0D090818AB3AC52ABF93086E619F717",
          "size": "4186132",
          "boards": [
            {
              "name": "Sacduino AVR Boards."
            },
 	    {
              "name": "Sacduino nano"
            }
          ],
          "toolsDependencies":
          [
            {
              "packager": "arduino",
              "name": "avr-gcc",
              "version": "7.3.0-atmel3.6.1-arduino7"
            },
            {
              "packager": "arduino",
              "name": "avrdude",
              "version": "6.3.0-arduino17"
            },
          ]
        }
      ],
      "tools":[]
    }
  ]
}
