{
  "packages":
  [
      {
      "name": "Roshan M Gupta",
      "maintainer": "Roshan Robotics",
      "websiteURL": "https://github.com/roshanrobotics",
      "email": "support@sacchidanandutech.com",
      "platforms":
      [
        {
          "name": "Sacduino AVR Boards",
          "architecture": "avr",
          "version": "1.6.7",
          "category": "Contributed",
	  "url": "https://github.com/roshanrobotics/Sacduino-board/blob/main/Sacduino-board-main.zip",
          "archiveFileName": "Sacduino-board-main.zip",
          "checksum": "SHA-256:33318988015A5DE4D5A37C6C9CDB9D7588313D5C6289C98AD638CC10712F92CE",
          "size": "4160242",
          "boards": [
            {
              "name": "Sacduino AVR Boards."
            },
 	    {
              "name": "Sacduino nano"
            }
          ],
          "toolsDependencies":
          [
            {
              "packager": "arduino",
              "name": "avr-gcc",
              "version": "7.3.0-atmel3.6.1-arduino7"
            },
            {
              "packager": "arduino",
              "name": "avrdude",
              "version": "6.3.0-arduino17"
            },
          ]
        }
      ],
      "tools":[]
    }
  ]
}
